,company_name,date,adjusted_close
0,Apple,2022-01-14,172.59620666503906
1,Sherwin-Williams,2022-01-14,307.0341186523437
2,Costco,2022-01-14,501.41302490234375
3,Amazon,2022-01-14,162.13800048828125
4,United Health Group,2022-01-14,468.6900024414063
5,Netflix,2022-01-14,525.6900024414062
6,FedEx,2022-01-14,254.06446838378903
7,DTE Energy,2022-01-14,117.67305755615234
8,Bank of America,2022-01-14,47.40385437011719
9,Marathon Oil Corp,2022-01-14,19.35025787353516
10,American Tower Corp,2022-01-14,247.81076049804688
11,Netflix,2022-01-18,510.7999877929688
12,Bank of America,2022-01-18,45.77128601074219
13,Costco,2022-01-18,486.5398254394531
14,Apple,2022-01-18,169.33514404296875
15,Marathon Oil Corp,2022-01-18,19.31050491333008
16,FedEx,2022-01-18,251.19879150390625
17,Amazon,2022-01-18,158.91749572753906
18,American Tower Corp,2022-01-18,247.42514038085932
19,United Health Group,2022-01-18,460.989990234375
20,DTE Energy,2022-01-18,116.6873550415039
21,Sherwin-Williams,2022-01-18,304.80450439453125
22,Apple,2022-01-19,165.77491760253906
23,American Tower Corp,2022-01-19,246.2089080810547
24,DTE Energy,2022-01-19,116.97321319580078
25,Costco,2022-01-19,488.6232604980469
26,Sherwin-Williams,2022-01-19,302.3857421875
27,United Health Group,2022-01-19,462.5199890136719
28,FedEx,2022-01-19,250.06837463378903
29,Marathon Oil Corp,2022-01-19,18.98253631591797
30,Netflix,2022-01-19,515.8599853515625
31,Amazon,2022-01-19,156.2989959716797
32,Bank of America,2022-01-19,45.94938659667969
33,Amazon,2022-01-20,151.66749572753906
34,American Tower Corp,2022-01-20,243.18321228027344
35,Apple,2022-01-20,164.0596160888672
36,Netflix,2022-01-20,508.25
37,FedEx,2022-01-20,248.6305694580078
38,Costco,2022-01-20,481.3062744140625
39,Bank of America,2022-01-20,45.26667785644531
40,DTE Energy,2022-01-20,116.66764068603516
41,Sherwin-Williams,2022-01-20,296.2840881347656
42,Marathon Oil Corp,2022-01-20,18.56511688232422
43,United Health Group,2022-01-20,463.0
44,Netflix,2022-01-21,397.5
45,Bank of America,2022-01-21,44.44544219970703
46,Costco,2022-01-21,480.10003662109375
47,Marathon Oil Corp,2022-01-21,17.988685607910156
48,United Health Group,2022-01-21,461.1700134277344
49,Sherwin-Williams,2022-01-21,291.4963073730469
50,FedEx,2022-01-21,242.84962463378903
51,Apple,2022-01-21,161.9653778076172
52,DTE Energy,2022-01-21,116.7662124633789
53,American Tower Corp,2022-01-21,242.01644897460932
54,Amazon,2022-01-21,142.64300537109375
55,Apple,2022-01-24,161.17752075195312
56,FedEx,2022-01-24,243.65280151367188
57,DTE Energy,2022-01-24,115.20879364013672
58,Bank of America,2022-01-24,44.07935333251953
59,Marathon Oil Corp,2022-01-24,18.18745422363281
60,Amazon,2022-01-24,144.54400634765625
61,United Health Group,2022-01-24,462.2699890136719
62,Sherwin-Williams,2022-01-24,297.1400756835937
63,Netflix,2022-01-24,387.1499938964844
64,Costco,2022-01-24,487.3672180175781
65,American Tower Corp,2022-01-24,245.6156311035156
66,FedEx,2022-01-25,241.98692321777344
67,Bank of America,2022-01-25,44.95005798339844
68,Netflix,2022-01-25,366.4200134277344
69,Costco,2022-01-25,475.8235168457031
70,Apple,2022-01-25,159.3425750732422
71,Sherwin-Williams,2022-01-25,292.8998107910156
72,Amazon,2022-01-25,139.98599243164062
73,Marathon Oil Corp,2022-01-25,19.38007354736328
74,DTE Energy,2022-01-25,115.94808197021484
75,United Health Group,2022-01-25,456.8399963378906
76,American Tower Corp,2022-01-25,247.7217712402344
77,Sherwin-Williams,2022-01-26,291.39678955078125
78,Apple,2022-01-26,159.25282287597656
79,FedEx,2022-01-26,241.1143493652344
80,American Tower Corp,2022-01-26,239.8806610107422
81,Marathon Oil Corp,2022-01-26,19.489398956298828
82,Netflix,2022-01-26,359.70001220703125
83,United Health Group,2022-01-26,458.4299926757813
84,Costco,2022-01-26,481.9542236328125
85,Bank of America,2022-01-26,45.41509246826172
86,DTE Energy,2022-01-26,116.4902114868164
87,Amazon,2022-01-26,138.87249755859375
88,American Tower Corp,2022-01-27,233.77980041503903
89,Bank of America,2022-01-27,44.9896354675293
90,Apple,2022-01-27,158.78411865234375
91,DTE Energy,2022-01-27,118.0969009399414
92,Marathon Oil Corp,2022-01-27,19.727922439575195
93,Netflix,2022-01-27,386.7000122070313
94,Sherwin-Williams,2022-01-27,281.8610534667969
95,Amazon,2022-01-27,139.6374969482422
96,United Health Group,2022-01-27,461.6000061035156
97,FedEx,2022-01-27,239.89468383789065
98,Costco,2022-01-27,481.0072021484375
99,Sherwin-Williams,2022-01-28,286.3701171875
100,United Health Group,2022-01-28,466.05999755859375
101,Costco,2022-01-28,490.8861083984375
102,American Tower Corp,2022-01-28,244.00392150878903
103,Netflix,2022-01-28,384.3599853515625
104,FedEx,2022-01-28,242.72071838378903
105,Marathon Oil Corp,2022-01-28,19.71798324584961
106,Bank of America,2022-01-28,45.38540649414063
107,Amazon,2022-01-28,143.97799682617188
108,Apple,2022-01-28,169.8636932373047
109,DTE Energy,2022-01-28,118.52075958251952
110,Costco,2022-01-31,503.54632568359375
111,Apple,2022-01-31,174.301513671875
112,Sherwin-Williams,2022-01-31,285.18560791015625
113,Netflix,2022-01-31,427.1400146484375
114,Marathon Oil Corp,2022-01-31,19.35025787353516
115,FedEx,2022-01-31,243.7916259765625
116,American Tower Corp,2022-01-31,248.680892944336
117,DTE Energy,2022-01-31,118.70804595947266
118,United Health Group,2022-01-31,472.5700073242188
119,Bank of America,2022-01-31,45.65255355834961
120,Amazon,2022-01-31,149.57350158691406
121,FedEx,2022-02-01,249.8799743652344
122,Costco,2022-02-01,506.8160400390625
123,Amazon,2022-02-01,151.19349670410156
124,Bank of America,2022-02-01,46.4441032409668
125,Marathon Oil Corp,2022-02-01,20.52300071716309
126,DTE Energy,2022-02-01,116.7859344482422
127,Apple,2022-02-01,174.13197326660156
128,Sherwin-Williams,2022-02-01,291.7351989746094
129,American Tower Corp,2022-02-01,247.34600830078125
130,Netflix,2022-02-01,457.1300048828125
131,United Health Group,2022-02-01,468.4100036621094
132,Bank of America,2022-02-02,46.394630432128906
133,Amazon,2022-02-02,150.6125030517578
134,FedEx,2022-02-02,249.7014923095703
135,United Health Group,2022-02-02,479.7799987792969
136,Apple,2022-02-02,175.35861206054688
137,American Tower Corp,2022-02-02,249.511474609375
138,Costco,2022-02-02,520.3834228515625
139,Sherwin-Williams,2022-02-02,292.95953369140625
140,Netflix,2022-02-02,429.4800109863281
141,DTE Energy,2022-02-02,118.51091003417967
142,Marathon Oil Corp,2022-02-02,20.84103202819824
143,DTE Energy,2022-02-03,118.34333038330078
144,Sherwin-Williams,2022-02-03,286.4994812011719
145,Marathon Oil Corp,2022-02-03,20.71183204650879
146,Apple,2022-02-03,172.42665100097656
147,Amazon,2022-02-03,138.8455047607422
148,Bank of America,2022-02-03,45.939491271972656
149,American Tower Corp,2022-02-03,247.88986206054688
150,Costco,2022-02-03,520.9224853515625
151,United Health Group,2022-02-03,488.7699890136719
152,FedEx,2022-02-03,245.2393493652344
153,Netflix,2022-02-03,405.6000061035156
154,Amazon,2022-02-04,157.63949584960938
155,Costco,2022-02-04,518.92578125
156,DTE Energy,2022-02-04,118.28418731689452
157,Netflix,2022-02-04,410.1700134277344
158,FedEx,2022-02-04,242.0563507080078
159,Apple,2022-02-04,172.1370849609375
160,Bank of America,2022-02-04,47.76994323730469
161,Sherwin-Williams,2022-02-04,280.4277038574219
162,United Health Group,2022-02-04,483.1700134277344
163,American Tower Corp,2022-02-04,243.667724609375
164,Marathon Oil Corp,2022-02-04,21.367774963378903
165,Costco,2022-02-07,515.0520629882812
166,Marathon Oil Corp,2022-02-07,21.47709846496582
167,Apple,2022-02-07,171.4081573486328
168,Netflix,2022-02-07,402.1000061035156
169,FedEx,2022-02-07,241.67953491210932
170,Sherwin-Williams,2022-02-07,277.9292907714844
171,Amazon,2022-02-07,157.9355010986328
172,United Health Group,2022-02-07,483.7000122070313
173,Bank of America,2022-02-07,47.99751663208008
174,DTE Energy,2022-02-07,117.8899154663086
175,American Tower Corp,2022-02-07,243.4996337890625
176,Amazon,2022-02-08,161.4134979248047
177,Apple,2022-02-08,174.57350158691406
178,American Tower Corp,2022-02-08,242.57017517089844
179,Costco,2022-02-08,520.3035278320312
180,United Health Group,2022-02-08,493.4100036621094
181,FedEx,2022-02-08,241.80845642089844
182,Sherwin-Williams,2022-02-08,278.3772277832031
183,Netflix,2022-02-08,403.5299987792969
184,Marathon Oil Corp,2022-02-08,20.98017311096192
185,DTE Energy,2022-02-08,118.21519470214844
186,Bank of America,2022-02-08,48.85832595825195
187,Amazon,2022-02-09,161.1894989013672
188,Apple,2022-02-09,176.02137756347656
189,Marathon Oil Corp,2022-02-09,21.39759063720703
190,Netflix,2022-02-09,412.8900146484375
191,United Health Group,2022-02-09,498.1000061035156
192,Sherwin-Williams,2022-02-09,285.29510498046875
193,American Tower Corp,2022-02-09,247.0889434814453
194,Costco,2022-02-09,527.9710693359375
195,FedEx,2022-02-09,242.18527221679688
196,DTE Energy,2022-02-09,118.79676055908205
197,Bank of America,2022-02-09,48.75938034057617
198,FedEx,2022-02-10,238.38748168945312
199,United Health Group,2022-02-10,486.7200012207031
200,American Tower Corp,2022-02-10,239.7916717529297
201,Marathon Oil Corp,2022-02-10,21.27832794189453
202,DTE Energy,2022-02-10,114.2230987548828
203,Sherwin-Williams,2022-02-10,278.63604736328125
204,Amazon,2022-02-10,159.0034942626953
205,Netflix,2022-02-10,406.2699890136719
206,Costco,2022-02-10,517.6378173828125
207,Bank of America,2022-02-10,48.53181076049805
208,Apple,2022-02-10,171.8674774169922
209,Costco,2022-02-11,508.8421630859375
210,Bank of America,2022-02-11,47.41374969482422
211,United Health Group,2022-02-11,478.1300048828125
212,Marathon Oil Corp,2022-02-11,22.07340812683105
213,Amazon,2022-02-11,153.2935028076172
214,Apple,2022-02-11,168.39259338378906
215,American Tower Corp,2022-02-11,234.2445373535156
216,FedEx,2022-02-11,230.2564697265625
217,DTE Energy,2022-02-11,114.49909973144533
218,Netflix,2022-02-11,391.30999755859375
219,Sherwin-Williams,2022-02-11,271.8376159667969
220,Costco,2022-02-14,505.7372131347656
221,Apple,2022-02-14,168.63223266601562
222,DTE Energy,2022-02-14,114.3906707763672
223,United Health Group,2022-02-14,474.3999938964844
224,Amazon,2022-02-14,155.16700744628906
225,Netflix,2022-02-14,396.5700073242188
226,Marathon Oil Corp,2022-02-14,21.07955741882324
227,Bank of America,2022-02-14,46.91902923583984
228,FedEx,2022-02-14,226.5380096435547
229,American Tower Corp,2022-02-14,231.663803100586
230,Sherwin-Williams,2022-02-14,269.229736328125
231,United Health Group,2022-02-15,478.2300109863281
232,Marathon Oil Corp,2022-02-15,20.481273651123047
233,DTE Energy,2022-02-15,114.6469497680664
234,Apple,2022-02-15,172.5364990234375
235,Netflix,2022-02-15,407.4599914550781
236,Costco,2022-02-15,513.085205078125
237,FedEx,2022-02-15,228.4616851806641
238,Bank of America,2022-02-15,47.28512573242188
239,Sherwin-Williams,2022-02-15,270.314697265625
240,American Tower Corp,2022-02-15,230.7738800048828
241,Amazon,2022-02-15,156.510498046875
242,FedEx,2022-02-16,227.0833740234375
243,Bank of America,2022-02-16,47.17628479003906
244,Costco,2022-02-16,511.5677490234375
245,DTE Energy,2022-02-16,114.82437896728516
246,Apple,2022-02-16,172.29685974121094
247,Sherwin-Williams,2022-02-16,271.3697814941406
248,Amazon,2022-02-16,158.10049438476562
249,United Health Group,2022-02-16,480.0499877929688
250,American Tower Corp,2022-02-16,229.7257843017578
251,Marathon Oil Corp,2022-02-16,21.00975608825684
252,Netflix,2022-02-16,398.0799865722656
253,FedEx,2022-02-17,222.482421875
254,Apple,2022-02-17,168.63223266601562
255,Bank of America,2022-02-17,45.58329391479492
256,DTE Energy,2022-02-17,116.85492706298828
257,Netflix,2022-02-17,386.6700134277344
258,Amazon,2022-02-17,154.65249633789062
259,American Tower Corp,2022-02-17,226.10679626464844
260,Sherwin-Williams,2022-02-17,265.9847717285156
261,United Health Group,2022-02-17,470.3399963378906
262,Marathon Oil Corp,2022-02-17,21.827411651611328
263,Costco,2022-02-17,514.1734619140625
264,Bank of America,2022-02-18,45.47445297241211
265,DTE Energy,2022-02-18,117.64348602294922
266,Apple,2022-02-18,167.05455017089844
267,Sherwin-Williams,2022-02-18,266.83087158203125
268,Marathon Oil Corp,2022-02-18,21.80747032165528
269,FedEx,2022-02-18,220.36041259765625
270,United Health Group,2022-02-18,467.80999755859375
271,American Tower Corp,2022-02-18,225.8793792724609
272,Netflix,2022-02-18,391.2900085449219
273,Amazon,2022-02-18,152.60150146484375
274,Costco,2022-02-18,511.8372497558594
275,Apple,2022-02-22,164.0789337158203
276,United Health Group,2022-02-22,462.510009765625
277,Marathon Oil Corp,2022-02-22,21.53824234008789
278,Amazon,2022-02-22,150.19749450683594
279,DTE Energy,2022-02-22,116.63807678222656
280,Sherwin-Williams,2022-02-22,260.370849609375
281,American Tower Corp,2022-02-22,225.81016540527344
282,FedEx,2022-02-22,215.957763671875
283,Costco,2022-02-22,501.36431884765625
284,Bank of America,2022-02-22,45.07868576049805
285,Netflix,2022-02-22,377.3800048828125
286,Bank of America,2022-02-23,44.306922912597656
287,United Health Group,2022-02-23,459.6199951171875
288,Netflix,2022-02-23,367.4599914550781
289,Sherwin-Williams,2022-02-23,258.200927734375
290,Apple,2022-02-23,159.83517456054688
291,FedEx,2022-02-23,213.03257751464844
292,American Tower Corp,2022-02-23,224.9004669189453
293,DTE Energy,2022-02-23,115.5833740234375
294,Marathon Oil Corp,2022-02-23,21.67784118652344
295,Costco,2022-02-23,494.45556640625
296,Amazon,2022-02-23,144.82699584960938
297,DTE Energy,2022-02-24,116.05650329589844
298,American Tower Corp,2022-02-24,229.1522827148437
299,Apple,2022-02-24,162.50125122070312
300,Bank of America,2022-02-24,43.13938522338867
301,Costco,2022-02-24,504.7587890625
302,Sherwin-Williams,2022-02-24,257.7430725097656
303,FedEx,2022-02-24,214.103515625
304,Netflix,2022-02-24,390.0299987792969
305,Marathon Oil Corp,2022-02-24,21.368728637695312
306,Amazon,2022-02-24,151.35800170898438
307,United Health Group,2022-02-24,455.8900146484375
308,DTE Energy,2022-02-25,120.20630645751952
309,American Tower Corp,2022-02-25,231.04086303710932
310,Marathon Oil Corp,2022-02-25,21.817440032958984
311,Sherwin-Williams,2022-02-25,266.65240478515625
312,United Health Group,2022-02-25,475.75
313,Amazon,2022-02-25,153.7884979248047
314,Apple,2022-02-25,164.608154296875
315,FedEx,2022-02-25,218.8631134033203
316,Costco,2022-02-25,516.6494140625
317,Netflix,2022-02-25,390.7999877929688
318,Bank of America,2022-02-25,44.54438781738281
319,American Tower Corp,2022-02-28,224.32696533203125
320,Bank of America,2022-02-28,43.73304748535156
321,United Health Group,2022-02-28,475.8699951171875
322,Costco,2022-02-28,518.4066162109375
323,Netflix,2022-02-28,394.5199890136719
324,Sherwin-Williams,2022-02-28,262.5220031738281
325,Apple,2022-02-28,164.87774658203125
326,FedEx,2022-02-28,220.40008544921875
327,DTE Energy,2022-02-28,119.85144805908205
328,Marathon Oil Corp,2022-02-28,22.49549674987793
329,Amazon,2022-02-28,153.56300354003906
330,American Tower Corp,2022-03-01,225.98814392089844
331,Costco,2022-03-01,522.0806274414062
332,DTE Energy,2022-03-01,118.28418731689452
333,United Health Group,2022-03-01,476.25
334,Apple,2022-03-01,162.9605712890625
335,Netflix,2022-03-01,386.239990234375
336,FedEx,2022-03-01,213.1020050048828
337,Marathon Oil Corp,2022-03-01,22.824552536010746
338,Amazon,2022-03-01,151.14199829101562
339,Sherwin-Williams,2022-03-01,254.9395446777344
340,Bank of America,2022-03-01,42.02132797241211
341,Marathon Oil Corp,2022-03-02,22.93423843383789
342,FedEx,2022-03-02,217.40548706054688
343,DTE Energy,2022-03-02,120.62030792236328
344,United Health Group,2022-03-02,485.3800048828125
345,Netflix,2022-03-02,380.0299987792969
346,Sherwin-Williams,2022-03-02,259.61871337890625
347,Bank of America,2022-03-02,42.70403671264648
348,Apple,2022-03-02,166.31564331054688
349,Amazon,2022-03-02,152.05250549316406
350,American Tower Corp,2022-03-02,228.41067504882807
351,Costco,2022-03-02,527.1423950195312
352,Netflix,2022-03-03,368.0700073242188
353,Amazon,2022-03-03,147.89849853515625
354,Apple,2022-03-03,165.98611450195312
355,DTE Energy,2022-03-03,123.4197006225586
356,American Tower Corp,2022-03-03,232.6031646728516
357,FedEx,2022-03-03,219.4481506347656
358,Marathon Oil Corp,2022-03-03,22.824552536010746
359,Bank of America,2022-03-03,42.246673583984375
360,United Health Group,2022-03-03,486.5899963378906
361,Sherwin-Williams,2022-03-03,257.4437561035156
362,Costco,2022-03-03,532.1841430664062
363,American Tower Corp,2022-03-04,235.6090850830078
364,Marathon Oil Corp,2022-03-04,23.74192237854004
365,Bank of America,2022-03-04,40.71548843383789
366,Amazon,2022-03-04,145.64100646972656
367,United Health Group,2022-03-04,498.6499938964844
368,DTE Energy,2022-03-04,126.05152130126952
369,FedEx,2022-03-04,213.45849609375
370,Netflix,2022-03-04,361.7300109863281
371,Sherwin-Williams,2022-03-04,257.8927001953125
372,Apple,2022-03-04,162.93060302734375
373,Costco,2022-03-04,524.6464233398438
374,United Health Group,2022-03-07,486.8699951171875
375,Netflix,2022-03-07,350.260009765625
376,Sherwin-Williams,2022-03-07,242.3886108398437
377,American Tower Corp,2022-03-07,229.41925048828125
378,Costco,2022-03-07,527.6615600585938
379,Bank of America,2022-03-07,38.12043762207031
380,Marathon Oil Corp,2022-03-07,24.26043701171875
381,Apple,2022-03-07,159.06629943847656
382,DTE Energy,2022-03-07,125.29253387451172
383,Amazon,2022-03-07,137.4530029296875
384,FedEx,2022-03-07,200.0762939453125
385,DTE Energy,2022-03-08,124.36597442626952
386,Costco,2022-03-08,522.5098876953125
387,Apple,2022-03-08,157.20901489257812
388,Sherwin-Williams,2022-03-08,239.29579162597656
389,FedEx,2022-03-08,202.9616851806641
390,Netflix,2022-03-08,341.760009765625
391,American Tower Corp,2022-03-08,225.4146423339844
392,Amazon,2022-03-08,136.01449584960938
393,Marathon Oil Corp,2022-03-08,24.02112197875977
394,Bank of America,2022-03-08,38.36900329589844
395,United Health Group,2022-03-08,473.4599914550781
396,Bank of America,2022-03-09,40.80497360229492
397,DTE Energy,2022-03-09,123.24227142333984
398,Marathon Oil Corp,2022-03-09,23.33309555053711
399,Costco,2022-03-09,526.79296875
400,Netflix,2022-03-09,358.7900085449219
401,American Tower Corp,2022-03-09,230.4970245361328
402,Amazon,2022-03-09,139.2790069580078
403,FedEx,2022-03-09,215.6275177001953
404,Sherwin-Williams,2022-03-09,241.1514892578125
405,United Health Group,2022-03-09,485.5700073242188
406,Apple,2022-03-09,162.7109375
407,Costco,2022-03-10,531.8546752929688
408,Bank of America,2022-03-10,40.43709182739258
409,American Tower Corp,2022-03-10,230.1905059814453
410,United Health Group,2022-03-10,491.4400024414063
411,Netflix,2022-03-10,356.7699890136719
412,FedEx,2022-03-10,218.1746063232422
413,DTE Energy,2022-03-10,125.47981262207033
414,Apple,2022-03-10,158.28744506835938
415,Sherwin-Williams,2022-03-10,237.0010986328125
416,Amazon,2022-03-10,146.8175048828125
417,Marathon Oil Corp,2022-03-10,23.81172180175781
418,United Health Group,2022-03-11,482.8699951171875
419,Costco,2022-03-11,526.5632934570312
420,American Tower Corp,2022-03-11,232.20762634277344
421,Netflix,2022-03-11,340.32000732421875
422,Bank of America,2022-03-11,40.09904098510742
423,Apple,2022-03-11,154.50299072265625
424,DTE Energy,2022-03-11,125.15453338623048
425,Amazon,2022-03-11,145.52450561523438
426,Sherwin-Williams,2022-03-11,233.0502471923828
427,Marathon Oil Corp,2022-03-11,23.10375213623047
428,FedEx,2022-03-11,212.1053466796875
429,FedEx,2022-03-14,210.06570434570312
430,United Health Group,2022-03-14,487.9200134277344
431,DTE Energy,2022-03-14,124.7109603881836
432,Netflix,2022-03-14,331.010009765625
433,Apple,2022-03-14,150.39901733398438
434,Marathon Oil Corp,2022-03-14,22.1165828704834
435,Bank of America,2022-03-14,40.96405792236328
436,Costco,2022-03-14,525.095703125
437,Amazon,2022-03-14,141.85299682617188
438,American Tower Corp,2022-03-14,232.296630859375
439,Sherwin-Williams,2022-03-14,237.08091735839844
440,United Health Group,2022-03-15,497.9100036621094
441,Marathon Oil Corp,2022-03-15,21.588098526000977
442,DTE Energy,2022-03-15,125.93324279785156
443,Netflix,2022-03-15,343.75
444,Sherwin-Williams,2022-03-15,241.8797912597656
445,Apple,2022-03-15,154.86245727539062
446,American Tower Corp,2022-03-15,233.56228637695312
447,FedEx,2022-03-15,215.13998413085932
448,Bank of America,2022-03-15,41.2623405456543
449,Amazon,2022-03-15,147.3665008544922
450,Costco,2022-03-15,541.4391479492188
451,American Tower Corp,2022-03-16,236.94395446777344
452,Bank of America,2022-03-16,42.55489349365234
453,Apple,2022-03-16,159.35586547851562
454,United Health Group,2022-03-16,498.260009765625
455,Costco,2022-03-16,542.5073852539062
456,Marathon Oil Corp,2022-03-16,21.528270721435547
457,FedEx,2022-03-16,224.79107666015625
458,Amazon,2022-03-16,153.10400390625
459,Sherwin-Williams,2022-03-16,243.81532287597656
460,Netflix,2022-03-16,357.5299987792969
461,DTE Energy,2022-03-16,125.96280670166016
462,Netflix,2022-03-17,371.3999938964844
463,Bank of America,2022-03-17,42.78357696533203
464,American Tower Corp,2022-03-17,242.3921813964844
465,FedEx,2022-03-17,226.83074951171875
466,Amazon,2022-03-17,157.23899841308594
467,Costco,2022-03-17,551.89208984375
468,Marathon Oil Corp,2022-03-17,23.004037857055664
469,Sherwin-Williams,2022-03-17,246.94805908203125
470,Apple,2022-03-17,160.3843536376953
471,United Health Group,2022-03-17,507.0199890136719
472,DTE Energy,2022-03-17,125.95294952392578
473,United Health Group,2022-03-18,506.1199951171875
474,Costco,2022-03-18,560.4381713867188
475,Netflix,2022-03-18,380.6000061035156
476,FedEx,2022-03-18,217.8064727783203
477,DTE Energy,2022-03-18,125.13407135009766
478,Marathon Oil Corp,2022-03-18,23.014009475708008
479,Sherwin-Williams,2022-03-18,250.94879150390625
480,Bank of America,2022-03-18,42.65432357788086
481,American Tower Corp,2022-03-18,239.8114471435547
482,Amazon,2022-03-18,161.25050354003906
483,Apple,2022-03-18,163.7394256591797
484,American Tower Corp,2022-03-21,238.93142700195312
485,Costco,2022-03-21,554.627685546875
486,Sherwin-Williams,2022-03-21,245.2519989013672
487,DTE Energy,2022-03-21,126.15642547607422
488,Marathon Oil Corp,2022-03-21,24.978376388549805
489,United Health Group,2022-03-21,507.6600036621094
490,Bank of America,2022-03-21,42.59466552734375
491,Apple,2022-03-21,165.1373748779297
492,Amazon,2022-03-21,161.4915008544922
493,Netflix,2022-03-21,374.5899963378906
494,FedEx,2022-03-21,221.04010009765625
495,Amazon,2022-03-22,164.88900756835938
496,Costco,2022-03-22,558.5113525390625
497,DTE Energy,2022-03-22,124.77674102783205
498,Marathon Oil Corp,2022-03-22,24.58949279785156
499,United Health Group,2022-03-22,505.3200073242188
500,Bank of America,2022-03-22,43.9269905090332
501,FedEx,2022-03-22,225.4278717041016
502,Sherwin-Williams,2022-03-22,249.5919342041016
503,Apple,2022-03-22,168.57232666015625
504,Netflix,2022-03-22,382.9200134277344
505,American Tower Corp,2022-03-22,236.9834899902344
506,Apple,2022-03-23,169.96029663085938
507,American Tower Corp,2022-03-23,231.37705993652344
508,Bank of America,2022-03-23,42.84323501586914
509,FedEx,2022-03-23,220.35357666015625
510,DTE Energy,2022-03-23,126.01746368408205
511,Netflix,2022-03-23,374.489990234375
512,Marathon Oil Corp,2022-03-23,25.50686264038086
513,Amazon,2022-03-23,163.4080047607422
514,Costco,2022-03-23,553.1201171875
515,Sherwin-Williams,2022-03-23,247.0677795410156
516,United Health Group,2022-03-23,503.2300109863281
517,Sherwin-Williams,2022-03-24,249.3524780273437
518,Netflix,2022-03-24,375.7099914550781
519,Apple,2022-03-24,173.8146209716797
520,Amazon,2022-03-24,163.64950561523438
521,FedEx,2022-03-24,223.98516845703125
522,American Tower Corp,2022-03-24,232.8503570556641
523,DTE Energy,2022-03-24,126.84130096435548
524,Bank of America,2022-03-24,42.82334899902344
525,Costco,2022-03-24,557.2034301757812
526,Marathon Oil Corp,2022-03-24,25.457006454467773
527,United Health Group,2022-03-24,513.4600219726562
528,Amazon,2022-03-25,164.77349853515625
529,Costco,2022-03-25,554.807373046875
530,American Tower Corp,2022-03-25,237.9920654296875
531,Bank of America,2022-03-25,43.47956848144531
532,FedEx,2022-03-25,225.4179077148437
533,Apple,2022-03-25,174.4636688232422
534,Marathon Oil Corp,2022-03-25,25.965547561645508
535,DTE Energy,2022-03-25,128.88601684570312
536,Netflix,2022-03-25,373.8500061035156
537,United Health Group,2022-03-25,513.030029296875
538,Sherwin-Williams,2022-03-25,244.64340209960932
539,Costco,2022-03-28,564.2919311523438
540,Amazon,2022-03-28,168.99049377441406
541,DTE Energy,2022-03-28,128.73712158203125
542,Sherwin-Williams,2022-03-28,250.00099182128903
543,Apple,2022-03-28,175.34237670898438
544,FedEx,2022-03-28,228.89031982421875
545,American Tower Corp,2022-03-28,242.28341674804688
546,United Health Group,2022-03-28,513.2000122070312
547,Bank of America,2022-03-28,43.30059814453125
548,Netflix,2022-03-28,378.510009765625
549,Marathon Oil Corp,2022-03-28,25.21769142150879
550,Apple,2022-03-29,178.69744873046875
551,Costco,2022-03-29,569.05419921875
552,Amazon,2022-03-29,169.31500244140625
553,Netflix,2022-03-29,391.8200073242188
554,Bank of America,2022-03-29,43.19122695922852
555,DTE Energy,2022-03-29,129.62051391601562
556,Marathon Oil Corp,2022-03-29,24.92852020263672
557,American Tower Corp,2022-03-29,247.74154663085932
558,Sherwin-Williams,2022-03-29,258.750732421875
559,United Health Group,2022-03-29,510.7300109863281
560,FedEx,2022-03-29,237.36737060546875
561,DTE Energy,2022-03-30,131.5758819580078
562,Apple,2022-03-30,177.5092010498047
563,American Tower Corp,2022-03-30,248.05795288085932
564,Netflix,2022-03-30,381.4700012207031
565,Amazon,2022-03-30,166.30099487304688
566,FedEx,2022-03-30,234.0641021728516
567,Sherwin-Williams,2022-03-30,252.4253692626953
568,Costco,2022-03-30,575.5336303710938
569,Marathon Oil Corp,2022-03-30,25.427091598510746
570,Bank of America,2022-03-30,42.75374984741211
571,United Health Group,2022-03-30,520.8200073242188
572,Costco,2022-03-31,574.9146118164062
573,FedEx,2022-03-31,230.2235565185547
574,Amazon,2022-03-31,162.99749755859375
575,Apple,2022-03-31,174.3538360595703
576,Marathon Oil Corp,2022-03-31,25.038206100463867
577,Sherwin-Williams,2022-03-31,249.043197631836
578,Netflix,2022-03-31,374.5899963378906
579,United Health Group,2022-03-31,509.9700012207031
580,DTE Energy,2022-03-31,131.22850036621094
581,Bank of America,2022-03-31,40.98394393920898
582,American Tower Corp,2022-03-31,248.404037475586
583,DTE Energy,2022-04-01,133.93821716308594
584,United Health Group,2022-04-01,512.5900268554688
585,Marathon Oil Corp,2022-04-01,25.67637634277344
586,FedEx,2022-04-01,220.1346740722656
587,Costco,2022-04-01,574.6351318359375
588,Apple,2022-04-01,174.05426025390625
589,Bank of America,2022-04-01,40.66577911376953
590,Sherwin-Williams,2022-04-01,254.62030029296875
591,Netflix,2022-04-01,373.4700012207031
592,American Tower Corp,2022-04-01,254.06982421875
593,Amazon,2022-04-01,163.55999755859375
594,Apple,2022-04-04,178.17820739746094
595,Costco,2022-04-04,574.19580078125
596,DTE Energy,2022-04-04,132.63795471191406
597,Bank of America,2022-04-04,40.5961799621582
598,United Health Group,2022-04-04,510.0199890136719
599,Marathon Oil Corp,2022-04-04,25.606576919555664
600,FedEx,2022-04-04,216.89111328125
601,Sherwin-Williams,2022-04-04,258.4414367675781
602,Amazon,2022-04-04,168.34649658203125
603,American Tower Corp,2022-04-04,254.93994140625
604,Netflix,2022-04-04,391.5
605,Apple,2022-04-05,174.80316162109375
606,Marathon Oil Corp,2022-04-05,24.72909164428711
607,FedEx,2022-04-05,209.96620178222656
608,Costco,2022-04-05,574.385498046875
609,American Tower Corp,2022-04-05,259.972900390625
610,DTE Energy,2022-04-05,133.2930450439453
611,Bank of America,2022-04-05,39.91012573242188
612,Netflix,2022-04-05,380.1499938964844
613,United Health Group,2022-04-05,517.760009765625
614,Sherwin-Williams,2022-04-05,257.3739013671875
615,Amazon,2022-04-05,164.05499267578125
616,Netflix,2022-04-06,368.3500061035156
617,Bank of America,2022-04-06,39.47264862060547
618,Costco,2022-04-06,583.840087890625
619,FedEx,2022-04-06,202.9716339111328
620,DTE Energy,2022-04-06,136.58839416503906
621,United Health Group,2022-04-06,531.75
622,Amazon,2022-04-06,158.75599670410156
623,Apple,2022-04-06,171.57791137695312
624,American Tower Corp,2022-04-06,265.6090087890625
625,Marathon Oil Corp,2022-04-06,24.35017967224121
626,Sherwin-Williams,2022-04-06,262.02313232421875
627,Costco,2022-04-07,607.0623168945312
628,Marathon Oil Corp,2022-04-07,24.858720779418945
629,Bank of America,2022-04-07,39.16442108154297
630,Apple,2022-04-07,171.887451171875
631,American Tower Corp,2022-04-07,262.7514038085937
632,United Health Group,2022-04-07,536.9500122070312
633,DTE Energy,2022-04-07,135.31790161132812
634,Netflix,2022-04-07,362.1499938964844
635,Sherwin-Williams,2022-04-07,263.2203674316406
636,FedEx,2022-04-07,202.7427978515625
637,Amazon,2022-04-07,157.7845001220703
638,American Tower Corp,2022-04-08,263.4237670898437
639,Bank of America,2022-04-08,39.44281768798828
640,Netflix,2022-04-08,355.8800048828125
641,Marathon Oil Corp,2022-04-08,25.825946807861328
642,Amazon,2022-04-08,154.4604949951172
643,Apple,2022-04-08,169.8404541015625
644,DTE Energy,2022-04-08,136.33033752441406
645,Sherwin-Williams,2022-04-08,263.1505432128906
646,United Health Group,2022-04-08,545.9600219726562
647,Costco,2022-04-08,599.0653686523438
648,FedEx,2022-04-08,200.504135131836
649,DTE Energy,2022-04-11,135.84396362304688
650,FedEx,2022-04-11,203.0910186767578
651,American Tower Corp,2022-04-11,260.3585205078125
652,Sherwin-Williams,2022-04-11,260.4966735839844
653,Marathon Oil Corp,2022-04-11,25.147890090942383
654,Apple,2022-04-11,165.50682067871094
655,Costco,2022-04-11,583.7203369140625
656,United Health Group,2022-04-11,537.4400024414062
657,Amazon,2022-04-11,151.1219940185547
658,Netflix,2022-04-11,348.0
659,Bank of America,2022-04-11,39.363277435302734
660,Apple,2022-04-12,167.41403198242188
661,FedEx,2022-04-12,203.3497314453125
662,American Tower Corp,2022-04-12,255.65652465820312
663,Amazon,2022-04-12,150.78750610351562
664,Costco,2022-04-12,580.4157104492188
665,DTE Energy,2022-04-12,136.82662963867188
666,Marathon Oil Corp,2022-04-12,26.19488906860352
667,Netflix,2022-04-12,344.1000061035156
668,Bank of America,2022-04-12,38.945682525634766
669,Sherwin-Williams,2022-04-12,256.3562927246094
670,United Health Group,2022-04-12,533.7100219726562
671,FedEx,2022-04-13,205.26998901367188
672,Sherwin-Williams,2022-04-13,257.80291748046875
673,American Tower Corp,2022-04-13,255.6366577148437
674,Costco,2022-04-13,590.1299438476562
675,Bank of America,2022-04-13,38.597686767578125
676,Netflix,2022-04-13,350.42999267578125
677,United Health Group,2022-04-13,537.0
678,Amazon,2022-04-13,155.54100036621094
679,Apple,2022-04-13,170.14999389648438
680,DTE Energy,2022-04-13,135.6156768798828
681,Marathon Oil Corp,2022-04-13,26.49403190612793
682,Netflix,2022-04-14,341.1300048828125
683,United Health Group,2022-04-14,534.8200073242188
684,DTE Energy,2022-04-14,136.15167236328125
685,American Tower Corp,2022-04-14,254.0262451171875
686,Sherwin-Williams,2022-04-14,252.31561279296875
687,Costco,2022-04-14,589.4310302734375
688,Apple,2022-04-14,165.04750061035156
689,FedEx,2022-04-14,204.702865600586
690,Marathon Oil Corp,2022-04-14,26.533918380737305
691,Amazon,2022-04-14,151.7064971923828
692,Bank of America,2022-04-14,37.3548469543457
693,United Health Group,2022-04-18,534.0800170898438
694,FedEx,2022-04-18,202.23536682128903
695,Marathon Oil Corp,2022-04-18,26.80314445495605
696,DTE Energy,2022-04-18,136.15167236328125
697,Apple,2022-04-18,164.8278350830078
698,American Tower Corp,2022-04-18,252.4058990478516
699,Bank of America,2022-04-18,38.62751388549805
700,Costco,2022-04-18,581.1744384765625
701,Amazon,2022-04-18,152.78500366210938
702,Sherwin-Williams,2022-04-18,245.60118103027344
703,Netflix,2022-04-18,337.8599853515625
704,United Health Group,2022-04-19,537.7000122070312
705,DTE Energy,2022-04-19,136.74722290039062
706,Amazon,2022-04-19,158.11549377441406
707,FedEx,2022-04-19,207.75738525390625
708,Netflix,2022-04-19,348.6099853515625
709,Bank of America,2022-04-19,39.34339141845703
710,American Tower Corp,2022-04-19,257.2370910644531
711,Marathon Oil Corp,2022-04-19,26.703432083129883
712,Costco,2022-04-19,593.3346557617188
713,Sherwin-Williams,2022-04-19,251.6671295166016
714,Apple,2022-04-19,167.15440368652344
715,DTE Energy,2022-04-20,138.08718872070312
716,Costco,2022-04-20,602.5497436523438
717,Amazon,2022-04-20,153.9980010986328
718,Netflix,2022-04-20,226.19000244140625
719,Sherwin-Williams,2022-04-20,252.50518798828125
720,Apple,2022-04-20,166.98464965820312
721,American Tower Corp,2022-04-20,266.0048522949219
722,Bank of America,2022-04-20,39.43287658691406
723,Marathon Oil Corp,2022-04-20,27.57094383239746
724,United Health Group,2022-04-20,546.010009765625
725,FedEx,2022-04-20,208.13546752929688
726,American Tower Corp,2022-04-21,265.1698303222656
727,Costco,2022-04-21,590.77880859375
728,United Health Group,2022-04-21,537.4400024414062
729,Netflix,2022-04-21,218.22000122070312
730,DTE Energy,2022-04-21,137.25341796875
731,Amazon,2022-04-21,148.29600524902344
732,Marathon Oil Corp,2022-04-21,26.0154037475586
733,Apple,2022-04-21,166.17584228515625
734,Sherwin-Williams,2022-04-21,251.0286102294922
735,FedEx,2022-04-21,205.8172149658203
736,Bank of America,2022-04-21,38.68717193603516
737,Amazon,2022-04-22,144.35000610351562
738,Sherwin-Williams,2022-04-22,244.35406494140625
739,Costco,2022-04-22,570.7714233398438
740,DTE Energy,2022-04-22,135.79434204101562
741,United Health Group,2022-04-22,520.9400024414062
742,Netflix,2022-04-22,215.5200042724609
743,Marathon Oil Corp,2022-04-22,24.92852020263672
744,FedEx,2022-04-22,204.175537109375
745,American Tower Corp,2022-04-22,260.3485717773437
746,Bank of America,2022-04-22,37.34490585327149
747,Apple,2022-04-22,161.55262756347656
748,Sherwin-Williams,2022-04-25,247.4468994140625
749,United Health Group,2022-04-25,524.27001953125
750,Apple,2022-04-25,162.6410369873047
751,FedEx,2022-04-25,204.3645782470703
752,Netflix,2022-04-25,209.91000366210932
753,Costco,2022-04-25,567.287109375
754,American Tower Corp,2022-04-25,257.982666015625
755,Amazon,2022-04-25,146.07400512695312
756,Marathon Oil Corp,2022-04-25,24.07097816467285
757,Bank of America,2022-04-25,37.07645034790039
758,DTE Energy,2022-04-25,134.6925811767578
759,Amazon,2022-04-26,139.39100646972656
760,United Health Group,2022-04-26,513.780029296875
761,FedEx,2022-04-26,198.99180603027344
762,Netflix,2022-04-26,198.3999938964844
763,Apple,2022-04-26,156.56996154785156
764,Marathon Oil Corp,2022-04-26,24.011150360107425
765,DTE Energy,2022-04-26,133.52134704589844
766,Sherwin-Williams,2022-04-26,270.7429504394531
767,American Tower Corp,2022-04-26,253.31051635742188
768,Costco,2022-04-26,552.8605346679688
769,Bank of America,2022-04-26,36.24126052856445
770,Netflix,2022-04-27,188.5399932861328
771,Costco,2022-04-27,553.1800537109375
772,United Health Group,2022-04-27,513.8099975585938
773,DTE Energy,2022-04-27,133.37245178222656
774,Bank of America,2022-04-27,36.04240417480469
775,American Tower Corp,2022-04-27,251.3521881103516
776,FedEx,2022-04-27,198.25552368164065
777,Marathon Oil Corp,2022-04-27,24.58949279785156
778,Sherwin-Williams,2022-04-27,278.73443603515625
779,Apple,2022-04-27,156.34030151367188
780,Amazon,2022-04-27,138.16700744628906
781,Netflix,2022-04-28,199.5200042724609
782,Bank of America,2022-04-28,36.59920120239258
783,Amazon,2022-04-28,144.59649658203125
784,FedEx,2022-04-28,205.80728149414065
785,Marathon Oil Corp,2022-04-28,25.387205123901367
786,Costco,2022-04-28,562.0
787,Sherwin-Williams,2022-04-28,280.65997314453125
788,Apple,2022-04-28,163.39991760253906
789,American Tower Corp,2022-04-28,250.68614196777344
790,DTE Energy,2022-04-28,134.513916015625
791,United Health Group,2022-04-28,524.4199829101562
792,Costco,2022-04-29,531.719970703125
793,Bank of America,2022-04-29,35.475669860839844
794,Sherwin-Williams,2022-04-29,274.3246459960937
795,FedEx,2022-04-29,197.7381591796875
796,Marathon Oil Corp,2022-04-29,24.8487491607666
797,United Health Group,2022-04-29,508.5499877929688
798,Amazon,2022-04-29,124.28150177001952
799,American Tower Corp,2022-04-29,239.5922698974609
800,Apple,2022-04-29,157.418701171875
801,Netflix,2022-04-29,190.3600006103516
802,DTE Energy,2022-04-29,130.06716918945312
803,Bank of America,2022-05-02,35.93303298950195
804,American Tower Corp,2022-05-02,235.5463714599609
805,DTE Energy,2022-05-02,127.78425598144533
806,Amazon,2022-05-02,124.5
807,United Health Group,2022-05-02,501.1499938964844
808,FedEx,2022-05-02,196.0168609619141
809,Sherwin-Williams,2022-05-02,268.158935546875
810,Marathon Oil Corp,2022-05-02,24.87866401672364
811,Apple,2022-05-02,157.72825622558594
812,Costco,2022-05-02,528.9500122070312
813,Netflix,2022-05-02,199.4600067138672
814,Bank of America,2022-05-03,36.91736602783203
815,Sherwin-Williams,2022-05-03,268.74755859375
816,Netflix,2022-05-03,199.8699951171875
817,FedEx,2022-05-03,198.43463134765625
818,Apple,2022-05-03,159.2460174560547
819,United Health Group,2022-05-03,499.6199951171875
820,American Tower Corp,2022-05-03,239.58230590820312
821,Costco,2022-05-03,528.0800170898438
822,Marathon Oil Corp,2022-05-03,26.174945831298828
823,Amazon,2022-05-03,124.25350189208984
824,DTE Energy,2022-05-03,128.64779663085938
825,United Health Group,2022-05-04,507.6199951171875
826,American Tower Corp,2022-05-04,244.1848907470703
827,Amazon,2022-05-04,125.92849731445312
828,Netflix,2022-05-04,204.009994506836
829,Apple,2022-05-04,165.77642822265625
830,Sherwin-Williams,2022-05-04,281.8771667480469
831,Costco,2022-05-04,544.4299926757812
832,DTE Energy,2022-05-04,129.78924560546875
833,Bank of America,2022-05-04,38.39883041381836
834,Marathon Oil Corp,2022-05-04,27.61083030700684
835,FedEx,2022-05-04,208.4339599609375
836,United Health Group,2022-05-05,494.7200012207031
837,DTE Energy,2022-05-05,127.8735809326172
838,Sherwin-Williams,2022-05-05,276.31005859375
839,Marathon Oil Corp,2022-05-05,27.60085868835449
840,Netflix,2022-05-05,188.32000732421875
841,Costco,2022-05-05,517.3200073242188
842,FedEx,2022-05-05,206.1953125
843,American Tower Corp,2022-05-05,240.04953002929688
844,Bank of America,2022-05-05,37.32501983642578
845,Amazon,2022-05-05,116.40699768066406
846,Apple,2022-05-05,156.54000854492188
847,Costco,2022-05-06,503.3599853515625
848,United Health Group,2022-05-06,499.6199951171875
849,Amazon,2022-05-06,114.77249908447266
850,American Tower Corp,2022-05-06,242.6241912841797
851,Sherwin-Williams,2022-05-06,272.7483215332031
852,Netflix,2022-05-06,180.97000122070312
853,Bank of America,2022-05-06,37.23553466796875
854,Marathon Oil Corp,2022-05-06,28.06951332092285
855,FedEx,2022-05-06,209.1503448486328
856,Apple,2022-05-06,157.27999877929688
857,DTE Energy,2022-05-06,128.71726989746094
858,Apple,2022-05-09,152.05999755859375
859,FedEx,2022-05-09,207.22010803222656
860,DTE Energy,2022-05-09,128.55845642089844
861,Bank of America,2022-05-09,36.16171646118164
862,Netflix,2022-05-09,173.10000610351562
863,Marathon Oil Corp,2022-05-09,24.13080787658692
864,United Health Group,2022-05-09,486.4200134277344
865,Amazon,2022-05-09,108.78900146484376
866,Costco,2022-05-09,498.8299865722656
867,Sherwin-Williams,2022-05-09,276.3300170898437
868,American Tower Corp,2022-05-09,229.72108459472656
869,FedEx,2022-05-10,207.0111694335937
870,Marathon Oil Corp,2022-05-10,24.32026481628418
871,Amazon,2022-05-10,108.85900115966795
872,Apple,2022-05-10,154.50999450683594
873,Bank of America,2022-05-10,35.55521011352539
874,United Health Group,2022-05-10,488.010009765625
875,DTE Energy,2022-05-10,127.45670318603516
876,Sherwin-Williams,2022-05-10,265.7544860839844
877,American Tower Corp,2022-05-10,223.41864013671875
878,Netflix,2022-05-10,177.66000366210938
879,Costco,2022-05-10,501.4599914550781
880,Marathon Oil Corp,2022-05-11,25.098033905029297
881,Apple,2022-05-11,146.5
882,Amazon,2022-05-11,105.37200164794922
883,DTE Energy,2022-05-11,129.14407348632812
884,Costco,2022-05-11,489.0799865722656
885,FedEx,2022-05-11,206.155502319336
886,United Health Group,2022-05-11,486.1499938964844
887,Bank of America,2022-05-11,35.36629867553711
888,American Tower Corp,2022-05-11,223.3888092041016
889,Netflix,2022-05-11,166.3699951171875
890,Sherwin-Williams,2022-05-11,264.0584411621094
891,Bank of America,2022-05-12,34.869163513183594
892,Apple,2022-05-12,142.55999755859375
893,American Tower Corp,2022-05-12,224.1641998291016
894,DTE Energy,2022-05-12,127.75447845458984
895,Marathon Oil Corp,2022-05-12,25.05814743041992
896,FedEx,2022-05-12,207.1504669189453
897,Sherwin-Williams,2022-05-12,273.9056396484375
898,Netflix,2022-05-12,174.30999755859375
899,Costco,2022-05-12,486.1799926757813
900,United Health Group,2022-05-12,478.7999877929688
901,Amazon,2022-05-12,106.93049621582033
902,DTE Energy,2022-05-13,128.84629821777344
903,Amazon,2022-05-13,113.05500030517578
904,FedEx,2022-05-13,210.22488403320312
905,Sherwin-Williams,2022-05-13,272.6983947753906
906,Costco,2022-05-13,497.2699890136719
907,United Health Group,2022-05-13,485.3999938964844
908,American Tower Corp,2022-05-13,231.2817840576172
909,Marathon Oil Corp,2022-05-13,26.922801971435547
910,Netflix,2022-05-13,187.63999938964844
911,Apple,2022-05-13,147.11000061035156
912,Bank of America,2022-05-13,34.968589782714844
913,Bank of America,2022-05-16,34.610652923583984
914,Netflix,2022-05-16,186.509994506836
915,DTE Energy,2022-05-16,129.4021453857422
916,American Tower Corp,2022-05-16,228.85623168945312
917,Costco,2022-05-16,494.5299987792969
918,United Health Group,2022-05-16,489.2200012207031
919,Amazon,2022-05-16,110.8105010986328
920,Sherwin-Williams,2022-05-16,270.7429504394531
921,Apple,2022-05-16,145.5399932861328
922,Marathon Oil Corp,2022-05-16,27.89999961853028
923,FedEx,2022-05-16,208.6627960205078
924,FedEx,2022-05-17,220.3834228515625
925,Amazon,2022-05-17,115.36849975585938
926,Marathon Oil Corp,2022-05-17,28.36000061035156
927,Sherwin-Williams,2022-05-17,268.6378173828125
928,DTE Energy,2022-05-17,128.64779663085938
929,Netflix,2022-05-17,190.5599975585937
930,Costco,2022-05-17,490.4700012207031
931,United Health Group,2022-05-17,492.5299987792969
932,American Tower Corp,2022-05-17,231.6197662353516
933,Bank of America,2022-05-17,35.783897399902344
934,Apple,2022-05-17,149.24000549316406
935,Bank of America,2022-05-18,34.68025207519531
936,DTE Energy,2022-05-18,127.35743713378906
937,Marathon Oil Corp,2022-05-18,26.770000457763672
938,United Health Group,2022-05-18,471.3800048828125
939,Costco,2022-05-18,429.3999938964844
940,FedEx,2022-05-18,202.54380798339844
941,Apple,2022-05-18,140.82000732421875
942,Amazon,2022-05-18,107.1125030517578
943,Netflix,2022-05-18,177.19000244140625
944,Sherwin-Williams,2022-05-18,259.0599975585937
945,American Tower Corp,2022-05-18,229.2638092041016
946,FedEx,2022-05-19,198.0465850830078
947,Marathon Oil Corp,2022-05-19,26.8799991607666
948,United Health Group,2022-05-19,478.5499877929688
949,Netflix,2022-05-19,183.47999572753903
950,Apple,2022-05-19,137.35000610351562
951,DTE Energy,2022-05-19,127.86366271972656
952,Amazon,2022-05-19,107.31900024414062
953,Costco,2022-05-19,422.9299926757813
954,Bank of America,2022-05-19,34.25271224975586
955,Sherwin-Williams,2022-05-19,259.3699951171875
956,American Tower Corp,2022-05-19,231.8682861328125
957,Costco,2022-05-20,416.4299926757813
958,Sherwin-Williams,2022-05-20,257.95001220703125
959,Marathon Oil Corp,2022-05-20,27.26000022888184
960,Bank of America,2022-05-20,33.66609191894531
961,FedEx,2022-05-20,199.8872528076172
962,DTE Energy,2022-05-20,127.76439666748048
963,Apple,2022-05-20,137.58999633789062
964,Netflix,2022-05-20,186.3500061035156
965,American Tower Corp,2022-05-20,242.8329467773437
966,Amazon,2022-05-20,107.59100341796876
967,United Health Group,2022-05-20,485.7300109863281
968,Costco,2022-05-23,429.4800109863281
969,Marathon Oil Corp,2022-05-23,28.1299991607666
970,United Health Group,2022-05-23,492.0799865722656
971,Bank of America,2022-05-23,35.664581298828125
972,Netflix,2022-05-23,187.44000244140625
973,Apple,2022-05-23,143.11000061035156
974,DTE Energy,2022-05-23,129.81903076171875
975,Amazon,2022-05-23,107.55699920654295
976,Sherwin-Williams,2022-05-23,259.2699890136719
977,FedEx,2022-05-23,203.6581573486328
978,American Tower Corp,2022-05-23,247.94248962402344
979,Sherwin-Williams,2022-05-24,257.6499938964844
980,Marathon Oil Corp,2022-05-24,28.07999992370605
981,DTE Energy,2022-05-24,133.1441650390625
982,American Tower Corp,2022-05-24,256.98858642578125
983,Netflix,2022-05-24,180.33999633789065
984,FedEx,2022-05-24,204.21533203125
985,Bank of America,2022-05-24,35.44584274291992
986,Apple,2022-05-24,140.36000061035156
987,Costco,2022-05-24,437.7099914550781
988,Amazon,2022-05-24,104.0999984741211
989,United Health Group,2022-05-24,497.55999755859375
990,DTE Energy,2022-05-25,132.03248596191406
991,United Health Group,2022-05-25,498.0899963378906
992,American Tower Corp,2022-05-25,258.74810791015625
993,Sherwin-Williams,2022-05-25,265.1199951171875
994,FedEx,2022-05-25,203.2800750732422
995,Amazon,2022-05-25,106.7750015258789
996,Costco,2022-05-25,440.1099853515625
997,Marathon Oil Corp,2022-05-25,29.01000022888184
998,Netflix,2022-05-25,187.8300018310547
999,Bank of America,2022-05-25,35.6347541809082
1000,Apple,2022-05-25,140.52000427246094
1001,United Health Group,2022-05-26,502.2300109863281
1002,Sherwin-Williams,2022-05-26,271.9700012207031
1003,Netflix,2022-05-26,191.3999938964844
1004,Apple,2022-05-26,143.77999877929688
1005,Amazon,2022-05-26,111.07749938964844
1006,DTE Energy,2022-05-26,132.2012176513672
1007,Bank of America,2022-05-26,36.459999084472656
1008,FedEx,2022-05-26,211.21983337402344
1009,American Tower Corp,2022-05-26,253.1812896728516
1010,Marathon Oil Corp,2022-05-26,29.75
1011,Costco,2022-05-26,464.989990234375
1012,Sherwin-Williams,2022-05-27,276.3500061035156
1013,Costco,2022-05-27,470.760009765625
1014,Bank of America,2022-05-27,36.8079948425293
1015,Amazon,2022-05-27,115.14649963378906
1016,Apple,2022-05-27,149.63999938964844
1017,Netflix,2022-05-27,195.19000244140625
1018,DTE Energy,2022-05-27,133.302978515625
1019,United Health Group,2022-05-27,507.1099853515625
1020,FedEx,2022-05-27,218.5626373291016
1021,Marathon Oil Corp,2022-05-27,31.06999969482422
1022,American Tower Corp,2022-05-27,259.41412353515625
1023,Bank of America,2022-05-31,36.98696517944336
1024,Amazon,2022-05-31,120.20950317382812
1025,Netflix,2022-05-31,197.44000244140625
1026,United Health Group,2022-05-31,496.7799987792969
1027,Sherwin-Williams,2022-05-31,268.0400085449219
1028,American Tower Corp,2022-05-31,254.61276245117188
1029,Apple,2022-05-31,148.83999633789062
1030,DTE Energy,2022-05-31,131.7247772216797
1031,Costco,2022-05-31,466.2200012207031
1032,Marathon Oil Corp,2022-05-31,31.43000030517578
1033,FedEx,2022-05-31,223.4478912353516
1034,American Tower Corp,2022-06-01,251.0638885498047
1035,Netflix,2022-06-01,192.91000366210932
1036,Sherwin-Williams,2022-06-01,265.260009765625
1037,United Health Group,2022-06-01,492.5499877929688
1038,Marathon Oil Corp,2022-06-01,31.3799991607666
1039,Apple,2022-06-01,148.7100067138672
1040,Costco,2022-06-01,456.989990234375
1041,Amazon,2022-06-01,121.68399810791016
1042,FedEx,2022-06-01,217.56768798828125
1043,DTE Energy,2022-06-01,131.5758819580078
1044,Bank of America,2022-06-01,36.459999084472656
1045,Amazon,2022-06-02,125.51100158691406
1046,American Tower Corp,2022-06-02,260.8058166503906
1047,DTE Energy,2022-06-02,131.80418395996094
1048,Sherwin-Williams,2022-06-02,269.489990234375
1049,Netflix,2022-06-02,205.08999633789065
1050,Apple,2022-06-02,151.2100067138672
1051,FedEx,2022-06-02,220.4033203125
1052,Bank of America,2022-06-02,36.70000076293945
1053,Costco,2022-06-02,487.6099853515625
1054,United Health Group,2022-06-02,492.260009765625
1055,Marathon Oil Corp,2022-06-02,31.200000762939453
1056,Marathon Oil Corp,2022-06-03,31.68000030517578
1057,Netflix,2022-06-03,198.97999572753903
1058,DTE Energy,2022-06-03,131.109375
1059,FedEx,2022-06-03,217.5975341796875
1060,American Tower Corp,2022-06-03,265.14996337890625
1061,United Health Group,2022-06-03,485.6099853515625
1062,Bank of America,2022-06-03,36.18999862670898
1063,Amazon,2022-06-03,122.3499984741211
1064,Sherwin-Williams,2022-06-03,268.8800048828125
1065,Apple,2022-06-03,145.3800048828125
1066,Costco,2022-06-03,476.25
1067,Bank of America,2022-06-06,36.150001525878906
1068,Marathon Oil Corp,2022-06-06,31.40999984741211
1069,American Tower Corp,2022-06-06,265.7762145996094
1070,FedEx,2022-06-06,221.72662353515625
1071,DTE Energy,2022-06-06,131.58583068847656
1072,Sherwin-Williams,2022-06-06,275.0299987792969
1073,Amazon,2022-06-06,124.79000091552734
1074,Netflix,2022-06-06,197.13999938964844
1075,Apple,2022-06-06,146.13999938964844
1076,United Health Group,2022-06-06,490.1799926757813
1077,Costco,2022-06-06,472.4700012207031
1078,Amazon,2022-06-07,123.0
1079,Netflix,2022-06-07,198.6100006103516
1080,American Tower Corp,2022-06-07,264.5733947753906
1081,Marathon Oil Corp,2022-06-07,32.16999816894531
1082,United Health Group,2022-06-07,497.1000061035156
1083,Apple,2022-06-07,148.7100067138672
1084,Costco,2022-06-07,471.7799987792969
1085,Bank of America,2022-06-07,36.34999847412109
1086,DTE Energy,2022-06-07,133.05482482910156
1087,FedEx,2022-06-07,220.2540740966797
1088,Sherwin-Williams,2022-06-07,277.2300109863281
1089,DTE Energy,2022-06-08,130.42449951171875
1090,American Tower Corp,2022-06-08,262.8934020996094
1091,Bank of America,2022-06-08,35.88999938964844
1092,Marathon Oil Corp,2022-06-08,31.93000030517578
1093,Apple,2022-06-08,147.9600067138672
1094,Amazon,2022-06-08,121.18000030517578
1095,Netflix,2022-06-08,202.8300018310547
1096,Sherwin-Williams,2022-06-08,268.0799865722656
1097,Costco,2022-06-08,467.989990234375
1098,FedEx,2022-06-08,216.0752410888672
1099,United Health Group,2022-06-08,493.5299987792969
1100,Marathon Oil Corp,2022-06-09,31.25
1101,Apple,2022-06-09,142.63999938964844
1102,Amazon,2022-06-09,116.1500015258789
1103,FedEx,2022-06-09,215.90609741210932
1104,DTE Energy,2022-06-09,127.48648071289062
1105,Bank of America,2022-06-09,34.5099983215332
1106,United Health Group,2022-06-09,489.4299926757813
1107,Sherwin-Williams,2022-06-09,261.989990234375
1108,American Tower Corp,2022-06-09,258.6586608886719
1109,Netflix,2022-06-09,192.7700042724609
1110,Costco,2022-06-09,472.0499877929688
1111,American Tower Corp,2022-06-10,249.5230712890625
1112,Marathon Oil Corp,2022-06-10,30.290000915527344
1113,Bank of America,2022-06-10,33.16999816894531
1114,Amazon,2022-06-10,109.6500015258789
1115,FedEx,2022-06-10,205.7276763916016
1116,DTE Energy,2022-06-10,126.55345916748048
1117,Sherwin-Williams,2022-06-10,247.4199981689453
1118,United Health Group,2022-06-10,484.6300048828125
1119,Apple,2022-06-10,137.1300048828125
1120,Netflix,2022-06-10,182.94000244140625
1121,Costco,2022-06-10,463.30999755859375
1122,American Tower Corp,2022-06-13,238.60812377929688
1123,FedEx,2022-06-13,199.96685791015625
1124,DTE Energy,2022-06-13,121.10421752929688
1125,Sherwin-Williams,2022-06-13,237.8600006103516
1126,Bank of America,2022-06-13,32.02000045776367
1127,Amazon,2022-06-13,103.66999816894533
1128,Marathon Oil Corp,2022-06-13,28.38999938964844
1129,Apple,2022-06-13,131.8800048828125
1130,United Health Group,2022-06-13,469.7000122070313
1131,Costco,2022-06-13,452.25
1132,Netflix,2022-06-13,169.69000244140625
1133,Costco,2022-06-14,454.7999877929688
1134,FedEx,2022-06-14,228.7908172607422
1135,Netflix,2022-06-14,167.5399932861328
1136,DTE Energy,2022-06-14,118.22574615478516
1137,United Health Group,2022-06-14,461.75
1138,Amazon,2022-06-14,102.30999755859376
1139,American Tower Corp,2022-06-14,233.1009521484375
1140,Sherwin-Williams,2022-06-14,229.47999572753903
1141,Bank of America,2022-06-14,31.459999084472656
1142,Apple,2022-06-14,132.75999450683594
1143,Marathon Oil Corp,2022-06-14,28.790000915527344
1144,Netflix,2022-06-15,180.11000061035156
1145,Costco,2022-06-15,458.7900085449219
1146,Apple,2022-06-15,135.42999267578125
1147,Amazon,2022-06-15,107.66999816894533
1148,Marathon Oil Corp,2022-06-15,28.06999969482422
1149,American Tower Corp,2022-06-15,239.97000122070312
1150,Sherwin-Williams,2022-06-15,228.9900054931641
1151,FedEx,2022-06-15,231.60655212402344
1152,United Health Group,2022-06-15,464.3299865722656
1153,Bank of America,2022-06-15,32.04999923706055
1154,DTE Energy,2022-06-15,118.3249969482422
1155,DTE Energy,2022-06-16,116.61000061035156
1156,FedEx,2022-06-16,224.17420959472656
1157,Marathon Oil Corp,2022-06-16,25.65999984741211
1158,Bank of America,2022-06-16,31.850000381469727
1159,Netflix,2022-06-16,173.35000610351562
1160,United Health Group,2022-06-16,456.0899963378906
1161,Costco,2022-06-16,451.760009765625
1162,Amazon,2022-06-16,103.66000366210938
1163,American Tower Corp,2022-06-16,234.17999267578125
1164,Sherwin-Williams,2022-06-16,218.9499969482422
1165,Apple,2022-06-16,130.05999755859375
1166,Costco,2022-06-17,446.6900024414063
1167,Sherwin-Williams,2022-06-17,222.7899932861328
1168,Amazon,2022-06-17,106.22000122070312
1169,Netflix,2022-06-17,175.50999450683594
1170,American Tower Corp,2022-06-17,236.1699981689453
1171,FedEx,2022-06-17,228.74107360839844
1172,DTE Energy,2022-06-17,115.72000122070312
1173,Marathon Oil Corp,2022-06-17,24.14999961853028
1174,United Health Group,2022-06-17,452.05999755859375
1175,Apple,2022-06-17,131.55999755859375
1176,Bank of America,2022-06-17,31.920000076293945
1177,Marathon Oil Corp,2022-06-21,24.89999961853028
1178,Bank of America,2022-06-21,32.849998474121094
1179,American Tower Corp,2022-06-21,246.8500061035156
1180,Netflix,2022-06-21,170.91000366210938
1181,Apple,2022-06-21,135.8699951171875
1182,FedEx,2022-06-21,229.3579559326172
1183,DTE Energy,2022-06-21,117.13999938964844
1184,United Health Group,2022-06-21,480.3200073242188
1185,Amazon,2022-06-21,108.68000030517578
1186,Sherwin-Williams,2022-06-21,220.1499938964844
1187,Costco,2022-06-21,463.1099853515625
1188,Costco,2022-06-22,459.9599914550781
1189,Bank of America,2022-06-22,32.599998474121094
1190,Sherwin-Williams,2022-06-22,221.1999969482422
1191,American Tower Corp,2022-06-22,252.009994506836
1192,Amazon,2022-06-22,108.9499969482422
1193,Marathon Oil Corp,2022-06-22,23.100000381469727
1194,DTE Energy,2022-06-22,117.9000015258789
1195,United Health Group,2022-06-22,489.6799926757813
1196,Netflix,2022-06-22,178.88999938964844
1197,Apple,2022-06-22,135.35000610351562
1198,FedEx,2022-06-22,227.86550903320312
1199,Amazon,2022-06-23,112.44000244140624
1200,FedEx,2022-06-23,226.97999572753903
1201,Bank of America,2022-06-23,32.08000183105469
1202,Sherwin-Williams,2022-06-23,224.88999938964844
1203,Netflix,2022-06-23,181.7100067138672
1204,DTE Energy,2022-06-23,120.37000274658205
1205,Costco,2022-06-23,475.0
1206,Apple,2022-06-23,138.27000427246094
1207,American Tower Corp,2022-06-23,258.3099975585937
1208,United Health Group,2022-06-23,499.80999755859375
1209,Marathon Oil Corp,2022-06-23,22.020000457763672
1210,DTE Energy,2022-06-24,122.91000366210938
1211,American Tower Corp,2022-06-24,261.6499938964844
1212,Netflix,2022-06-24,190.8500061035156
1213,Marathon Oil Corp,2022-06-24,22.049999237060547
1214,Sherwin-Williams,2022-06-24,231.25
1215,Costco,2022-06-24,484.3699951171875
1216,FedEx,2022-06-24,243.2400054931641
1217,Bank of America,2022-06-24,32.310001373291016
1218,Amazon,2022-06-24,116.45999908447266
1219,United Health Group,2022-06-24,495.6400146484375
1220,Apple,2022-06-24,141.66000366210938
1221,Bank of America,2022-06-27,32.349998474121094
1222,Sherwin-Williams,2022-06-27,227.16000366210932
1223,United Health Group,2022-06-27,505.6600036621094
1224,Amazon,2022-06-27,113.22000122070312
1225,FedEx,2022-06-27,240.47000122070312
1226,American Tower Corp,2022-06-27,259.3299865722656
1227,Netflix,2022-06-27,189.13999938964844
1228,Marathon Oil Corp,2022-06-27,23.1200008392334
1229,Apple,2022-06-27,141.66000366210938
1230,Costco,2022-06-27,481.75
1231,DTE Energy,2022-06-27,124.3499984741211
1232,Amazon,2022-06-28,107.4000015258789
1233,FedEx,2022-06-28,240.08999633789065
1234,Apple,2022-06-28,137.44000244140625
1235,United Health Group,2022-06-28,508.4400024414063
1236,Bank of America,2022-06-28,32.2599983215332
1237,Sherwin-Williams,2022-06-28,223.3099975585937
1238,Costco,2022-06-28,468.6099853515625
1239,Marathon Oil Corp,2022-06-28,24.1299991607666
1240,Netflix,2022-06-28,179.60000610351562
1241,American Tower Corp,2022-06-28,252.92999267578125
1242,DTE Energy,2022-06-28,125.2300033569336
1243,Amazon,2022-06-29,108.91999816894533
1244,Apple,2022-06-29,139.22999572753906
1245,FedEx,2022-06-29,233.8099975585937
1246,United Health Group,2022-06-29,515.7100219726562
1247,American Tower Corp,2022-06-29,253.16000366210932
1248,Marathon Oil Corp,2022-06-29,22.790000915527344
1249,Netflix,2022-06-29,178.36000061035156
1250,DTE Energy,2022-06-29,126.0500030517578
1251,Sherwin-Williams,2022-06-29,225.41000366210932
1252,Bank of America,2022-06-29,31.86000061035156
1253,Costco,2022-06-29,469.8399963378906
1254,DTE Energy,2022-06-30,126.75
1255,American Tower Corp,2022-06-30,255.58999633789065
1256,Costco,2022-06-30,479.2799987792969
1257,Amazon,2022-06-30,106.20999908447266
1258,Bank of America,2022-06-30,31.1299991607666
1259,FedEx,2022-06-30,226.7100067138672
1260,Sherwin-Williams,2022-06-30,223.91000366210932
1261,United Health Group,2022-06-30,513.6300048828125
1262,Netflix,2022-06-30,174.8699951171875
1263,Apple,2022-06-30,136.72000122070312
1264,Marathon Oil Corp,2022-06-30,22.479999542236328
1265,Costco,2022-07-01,485.760009765625
1266,Amazon,2022-07-01,109.55999755859376
1267,Marathon Oil Corp,2022-07-01,22.549999237060547
1268,Sherwin-Williams,2022-07-01,235.22999572753903
1269,United Health Group,2022-07-01,517.4000244140625
1270,Bank of America,2022-07-01,31.559999465942383
1271,American Tower Corp,2022-07-01,258.3999938964844
1272,FedEx,2022-07-01,223.6100006103516
1273,Netflix,2022-07-01,179.9499969482422
1274,Apple,2022-07-01,138.92999267578125
1275,DTE Energy,2022-07-01,129.16000366210938
1276,DTE Energy,2022-07-05,124.19000244140624
1277,United Health Group,2022-07-05,505.239990234375
1278,Apple,2022-07-05,141.55999755859375
1279,Netflix,2022-07-05,185.8800048828125
1280,Bank of America,2022-07-05,31.239999771118164
1281,Sherwin-Williams,2022-07-05,242.22999572753903
1282,Amazon,2022-07-05,113.5
1283,Marathon Oil Corp,2022-07-05,21.1299991607666
1284,Costco,2022-07-05,488.260009765625
1285,FedEx,2022-07-05,229.6100006103516
1286,American Tower Corp,2022-07-05,255.94000244140625
1287,Costco,2022-07-06,492.6499938964844
1288,United Health Group,2022-07-06,515.2899780273438
1289,DTE Energy,2022-07-06,126.16000366210938
1290,Bank of America,2022-07-06,30.979999542236328
1291,Amazon,2022-07-06,114.33000183105467
1292,Marathon Oil Corp,2022-07-06,20.68000030517578
1293,American Tower Corp,2022-07-06,258.2300109863281
1294,FedEx,2022-07-06,227.72000122070312
1295,Apple,2022-07-06,142.9199981689453
1296,Sherwin-Williams,2022-07-06,242.7400054931641
1297,Netflix,2022-07-06,184.0599975585937
1298,Marathon Oil Corp,2022-07-07,21.82999992370605
1299,FedEx,2022-07-07,231.3500061035156
1300,Sherwin-Williams,2022-07-07,239.4900054931641
1301,Bank of America,2022-07-07,31.86000061035156
1302,United Health Group,2022-07-07,514.3800048828125
1303,DTE Energy,2022-07-07,125.33999633789062
1304,Amazon,2022-07-07,116.33000183105467
1305,Costco,2022-07-07,494.9500122070313
1306,Apple,2022-07-07,146.35000610351562
1307,American Tower Corp,2022-07-07,257.17999267578125
1308,Netflix,2022-07-07,189.2700042724609
1309,Apple,2022-07-08,147.0399932861328
1310,Costco,2022-07-08,501.5400085449219
1311,FedEx,2022-07-08,230.4900054931641
1312,Marathon Oil Corp,2022-07-08,21.71999931335449
1313,Bank of America,2022-07-08,31.790000915527344
1314,DTE Energy,2022-07-08,124.8499984741211
1315,Sherwin-Williams,2022-07-08,238.2899932861328
1316,Netflix,2022-07-08,186.97999572753903
1317,United Health Group,2022-07-08,518.6300048828125
1318,American Tower Corp,2022-07-08,255.009994506836
1319,Amazon,2022-07-08,115.54000091552734
1320,Amazon,2022-07-11,112.47000122070312
1321,Costco,2022-07-11,500.1650085449219
1322,Netflix,2022-07-11,179.1699981689453
1323,Bank of America,2022-07-11,31.40999984741211
1324,United Health Group,2022-07-11,518.89501953125
1325,Sherwin-Williams,2022-07-11,242.759994506836
1326,DTE Energy,2022-07-11,125.5199966430664
1327,American Tower Corp,2022-07-11,258.2300109863281
1328,Apple,2022-07-11,145.47140502929688
1329,Marathon Oil Corp,2022-07-11,21.32999992370605
1330,FedEx,2022-07-11,228.0249938964844
